,VKORG,COND_TYPE,DST_CH,DIV,Month_year,Amount,Customer_ID,Internal_Grade,Mill,OFFER_ EFF_PR _NUMBER,OFFER_ALLOY_NUMBER,OFFER_ALLOY,OFFER_EFF_PR
50475,0300,Z133,02,02,202204,216.0,93607,2825,Duisburg,,,,
50476,0300,Z133,02,02,202204,504.0,93607,3346,Duisburg,,,,
50477,0300,Z133,02,02,202204,49.0,93589,3364,Duisburg,,,,
50478,0300,Z133,02,02,202204,139.0,84743,4436,Duisburg,,,,
50479,0300,Z133,02,02,202204,49.0,84743,3364,Duisburg,,,,
50480,0300,Z133,02,02,202204,49.0,84743,4405,Duisburg,,,,
50481,0300,Z133,02,02,202204,49.0,84743,3234,Duisburg,,,,
50482,0300,Z133,02,02,202204,48.0,84743,2589,Duisburg,,,,
50483,0300,Z133,02,02,202204,59.0,31503,3436,Duisburg,,74711.0,1,
50484,0300,Z133,02,02,202204,28.0,31503,3780,Duisburg,,,,
50485,0300,Z133,02,02,202204,26.0,31503,3785,Duisburg,,,,
50486,0300,Z133,02,02,202204,249.0,31503,3349,Duisburg,,,,
50487,0300,Z133,02,02,202204,126.0,31503,2810,Duisburg,,74720.0,1,
50488,0300,Z133,02,02,202204,49.0,31503,3370,Duisburg,,,,
50489,0300,Z133,02,02,202204,77.0,31503,3129,Duisburg,,,,
50490,0300,Z133,02,02,202204,131.0,31503,2603,Duisburg,,,,
50491,0300,Z133,02,02,202204,59.0,93616,3281,Duisburg,,,,
50492,0300,Z133,02,02,202204,59.0,93616,3434,Duisburg,,,,
50493,0300,Z133,02,02,202204,59.0,78254,3281,Duisburg,,,,
50494,0300,Z133,02,02,202204,59.0,78254,3436,Duisburg,,,,
50495,0300,Z133,02,02,202204,199.0,78254,2635,Duisburg,,,,
50496,0300,Z133,02,02,202204,67.0,78254,2626,Duisburg,,,,
50497,0300,Z133,02,02,202204,471.0,78254,2655,Duisburg,,74680.0,1,
50498,0300,Z133,02,02,202204,59.0,78254,3434,Duisburg,,,,
50499,0300,Z133,02,02,202204,49.0,78254,3364,Duisburg,,,,
50500,0300,Z133,02,02,202204,471.0,78254,2656,Duisburg,,,,
50501,0300,Z133,02,02,202204,49.0,78213,4405,Duisburg,,,,
50502,0300,Z133,02,02,202204,8.0,78213,2632,Duisburg,,,,
50503,0300,Z133,02,02,202204,67.0,78213,2607,Duisburg,,,,
50504,0300,Z133,02,02,202204,139.0,78213,4436,Duisburg,,,,
50505,0300,Z133,02,02,202204,48.0,78213,2589,Duisburg,,73025.0,1,
50506,0300,Z133,02,02,202204,59.0,93614,3437,Duisburg,,,,
50507,0300,Z133,02,02,202204,49.0,93614,3364,Duisburg,,,,
50508,0300,Z133,02,02,202204,49.0,93621,3364,Duisburg,,,,
50509,0300,Z133,02,02,202204,59.0,93621,3434,Duisburg,,,,
50510,0300,Z133,02,02,202204,70.0,84716,4430,Duisburg,,,,
50511,0300,Z133,02,02,202204,59.0,93602,3434,Duisburg,,,,
50512,0300,Z133,02,02,202204,59.0,93652,3434,Duisburg,,,,
50513,0300,Z133,02,02,202204,49.0,93652,3364,Duisburg,,,,
50514,0300,Z133,02,02,202204,139.0,93652,4436,Duisburg,,,,
50515,0300,Z133,02,02,202204,59.0,93652,3436,Duisburg,,73580.0,1,
50516,0300,Z133,02,02,202204,77.0,93652,3129,Duisburg,,,,
50517,0300,Z133,02,02,202204,49.0,93581,3364,Duisburg,,,,
50518,0300,Z133,02,02,202204,139.0,93581,4436,Duisburg,,,,
50519,0300,Z133,02,02,202204,77.0,93581,3129,Duisburg,,,,
50520,0300,Z133,02,02,202204,67.0,93663,2606,Duisburg,,,,
50521,0300,Z133,02,02,202204,49.0,78292,3370,Duisburg,,,,
50522,0300,Z133,02,02,202204,48.0,78292,2589,Duisburg,,74703.0,1,
50523,0300,Z133,02,02,202204,59.0,93574,3437,Duisburg,,,,
50524,0300,Z133,02,02,202204,59.0,93574,3436,Duisburg,,,,
50525,0300,Z133,02,02,202204,77.0,93574,3129,Duisburg,73301.0,,,1
50526,0300,Z133,02,02,202204,139.0,93574,4436,Duisburg,,,,
50527,0300,Z133,02,02,202204,59.0,81162,3292,Duisburg,,,,
50528,0300,Z133,02,02,202204,471.0,81162,2655,Duisburg,,,,
50529,0300,Z133,02,02,202204,59.0,81162,3437,Duisburg,,,,
50530,0300,Z133,02,02,202204,467.0,81162,2680,Duisburg,,,,
50531,0300,Z133,02,02,202204,81.0,81162,3046,Duisburg,,70553.0,1,
50532,0300,Z133,02,02,202204,200.0,93707,3290,Duisburg,,73889.0,1,
50533,0300,Z133,02,02,202204,471.0,93599,2625,Duisburg,,72822.0,1,
50534,0300,Z133,02,02,202204,59.0,93599,3434,Duisburg,,,,
50535,0300,Z133,02,02,202204,59.0,93599,3436,Duisburg,,,,
50536,0300,Z133,02,02,202204,59.0,93599,3437,Duisburg,,,,
50537,0300,Z133,02,02,202204,199.0,93599,2635,Duisburg,,,,
50538,0300,Z133,02,02,202204,52.0,93599,3364,Duisburg,,,,
50539,0300,Z133,02,02,202204,52.0,93599,3363,Duisburg,,,,
50540,0300,Z133,02,02,202204,49.0,93599,3370,Duisburg,,,,
50541,0300,Z133,02,02,202204,52.0,93599,4434,Duisburg,,74211.0,1,
50542,0300,Z133,02,02,202204,49.0,93579,3413,Duisburg,,,,
50543,0300,Z133,02,02,202204,49.0,93579,4405,Duisburg,,72908.0,1,
50544,0300,Z133,02,02,202204,49.0,93579,3364,Duisburg,,,,
50545,0300,Z133,02,02,202204,77.0,93579,3129,Duisburg,,,,
50546,0300,Z133,02,02,202204,139.0,93579,4436,Duisburg,,,,
50547,0300,Z133,02,02,202204,52.0,84698,3364,Duisburg,,,,
50548,0300,Z133,02,02,202204,52.0,84698,3363,Duisburg,,,,
50549,0300,Z133,02,02,202204,52.0,84698,4434,Duisburg,,,,
50550,0300,Z133,02,02,202204,521.0,84698,2625,Duisburg,,,,
50551,0300,Z133,02,02,202204,59.0,84698,3436,Duisburg,,,,
50552,0300,Z133,02,02,202204,59.0,84698,3437,Duisburg,,71504.0,1,
50553,0400,Z133,02,02,202204,216.0,93607,SU10MNMO,Hamburg,,,,
50554,0400,Z133,02,02,202204,537.0,93607,SG6NiMo,Hamburg,,,,
50555,0400,Z133,02,02,202204,219.0,93607,K52Ni,Hamburg,,,,
50556,0400,Z133,02,02,202204,444.0,93607,SG3MoV,Hamburg,,,,
50557,0400,Z133,02,02,202204,211.0,93607,SG1NiCu30,Hamburg,,,,
50558,0400,Z133,02,02,202204,403.0,93607,SU8NiMo,Hamburg,,,,
50559,0400,Z133,02,02,202204,504.0,93607,SU12CrMo,Hamburg,,,,
50560,0400,Z133,02,02,202204,477.0,93607,SU6MoCr550,Hamburg,,,,
50561,0400,Z133,02,02,202204,524.0,93607,SG2CrMo95,Hamburg,,,,
50562,0400,Z133,02,02,202204,455.0,93607,SG2NiMo25,Hamburg,,,,
50563,0400,Z133,02,02,202204,278.0,93607,SG3CrMo,Hamburg,,,,
50564,0400,Z133,02,02,202204,220.0,93607,SU10MoSi,Hamburg,,,,
50565,0400,Z133,02,02,202204,556.0,93607,SU9VNb,Hamburg,,,,
50566,0400,Z133,02,02,202204,658.0,93607,SU8Ni320,Hamburg,,,,
50567,0400,Z133,02,02,202204,734.0,93607,SG8Cr900,Hamburg,,,,
50568,0400,Z133,02,02,202204,749.0,93607,SG9NiMo,Hamburg,,,,
50569,0400,Z133,02,02,202204,478.0,93607,SU6MoNi145,Hamburg,,,,
50570,0400,Z133,02,02,202204,744.0,93607,S3NiMoCr,Hamburg,,,,
50571,0400,Z133,02,02,202204,219.0,93607,SG3Ni ,Hamburg,,,,
50572,0400,Z133,02,02,202204,177.0,93607,SG1NiCu,Hamburg,,,,
50573,0400,Z133,02,02,202204,320.0,93607,SG8Ni,Hamburg,,,,
50574,0400,Z133,02,02,202204,291.0,93607,SU9NiMo,Hamburg,,,,
50575,0400,Z133,02,02,202204,221.0,93607,SU10MoSi,Hamburg,,,,
50576,0400,Z133,02,02,202204,250.0,93607,SG1Mo,Hamburg,,,,
50577,0400,Z133,02,02,202204,529.0,93607,SG8SiCr,Hamburg,,,,
50578,0400,Z133,02,02,202204,261.0,93607,SU13CrMo,Hamburg,,,,
50579,0400,Z133,02,02,202204,493.0,93607,SG2Ni235,Hamburg,,,,
50580,0400,Z133,02,02,202204,284.0,93607,SG1MoCr115,Hamburg,,,,
50581,0400,Z133,02,02,202204,110.0,93607,SU8Ni,Hamburg,,,,
50582,0400,Z133,02,02,202204,259.0,93607,SG1MnMo,Hamburg,,,,
50583,0400,Z133,02,02,202204,589.0,93607,SU11CrMo,Hamburg,,,,
50584,0400,Z133,02,02,202204,504.0,93607,SU12CrN,Hamburg,,,,
50585,0400,Z133,02,02,202204,581.0,93607,SU8MnMo,Hamburg,,,,
50586,0400,Z133,02,02,202204,744.0,93607,SG3NiCr,Hamburg,,,,
50587,0400,Z133,02,02,202204,744.0,93607,SU12MoNi200,Hamburg,,,,
50588,0400,Z133,02,02,202204,450.0,93607,SU10Mn200Mo,Hamburg,,,,
50589,0400,Z133,02,02,202204,430.0,93607,SG3MoNi100,Hamburg,,,,
50590,0400,Z133,02,02,202204,639.0,93607,SG4NiMo,Hamburg,,,,
50591,0400,Z133,02,02,202204,537.0,93607,SG6NiMo,Hamburg,,,,
50592,0400,Z133,02,02,202204,170.0,93607,SU9NiCu50,Hamburg,,,,
50593,0400,Z133,02,02,202204,442.0,93607,SU6MoCr550,Hamburg,,,,
50594,0400,Z133,02,02,202204,496.0,93607,SU8Ni250,Hamburg,,,,
50595,0400,Z133,02,02,202204,418.0,93607,SU8NiMo,Hamburg,,,,
50596,0400,Z133,02,02,202204,852.0,93607,SU10Cr900,Hamburg,,,,
50597,0400,Z133,02,02,202204,488.0,93607,SU8MoNi150,Hamburg,,,,
50598,0400,Z133,02,02,202204,394.0,93607,SU12MnMoNi,Hamburg,,,,
50599,0400,Z133,02,02,202204,261.0,93607,CrMo1,Hamburg,,,,
50600,0400,Z133,02,02,202204,323.0,93863,SG2MoNi85,Hamburg,,,,
50601,0400,Z133,02,02,202204,409.0,93863,SG3MoNi80neu,Hamburg,,,,
50602,0400,Z133,02,02,202204,874.0,93649,SU11CR900,Hamburg,,,,
50603,0400,Z133,02,02,202204,508.0,93649,SE5Mo,Hamburg,,,,
50604,0400,Z133,02,02,202204,298.0,93649,SG1CrMo,Hamburg,,,,
50605,0400,Z133,02,02,202204,256.0,93649,SG1Mo,Hamburg,,,,
50606,0400,Z133,02,02,202204,291.0,93649,SG2CrMo,Hamburg,,,,
50607,0400,Z133,02,02,202204,536.0,93649,SG2CrMo100,Hamburg,,,,
50608,0400,Z133,02,02,202204,591.0,93649,SG2Ni,Hamburg,,,,
50609,0400,Z133,02,02,202204,254.0,93649,SG2NiCu,Hamburg,,,,
50610,0400,Z133,02,02,202204,697.0,93649,SG4NiMo,Hamburg,,,,
50611,0400,Z133,02,02,202204,434.0,93649,SG7NiMo,Hamburg,,,,
50612,0400,Z133,02,02,202204,533.0,93649,SG7SiCr,Hamburg,,,,
50613,0400,Z133,02,02,202204,262.0,93649,SU10CrMo,Hamburg,,,,
50614,0400,Z133,02,02,202204,222.0,93649,SU10Mo,Hamburg,,,,
50615,0400,Z133,02,02,202204,309.0,93649,SU10NiMo,Hamburg,,,,
50616,0400,Z133,02,02,202204,228.0,93649,SU11MnMo,Hamburg,,,,
50617,0400,Z133,02,02,202204,455.0,93649,SU12NiMo,Hamburg,,,,
50618,0400,Z133,02,02,202204,109.0,93649,SU6Ni,Hamburg,,,,
50619,0400,Z133,02,02,202204,802.0,93649,SU7MoNi250,Hamburg,,,,
50620,0400,Z133,02,02,202204,562.0,93649,SU7Ni,Hamburg,,,,
50621,0400,Z133,02,02,202204,589.0,93649,SU8MoCrV,Hamburg,,,,
50622,0400,Z133,02,02,202204,492.0,93649,SU9CrMo,Hamburg,,,,
50623,0400,Z133,02,02,202204,59.0,31503,DC100CR,Hamburg,,,,
50624,0400,Z133,02,02,202204,501.0,31503,SU12CrMo,Hamburg,,,,
50625,0400,Z133,02,02,202204,249.0,31503,DC13CRMO,Hamburg,,,,
50626,0400,Z133,02,02,202204,59.0,93616,DC100CRA,Hamburg,,75005.0,1,
50627,0400,Z133,02,02,202204,273.0,93616,DK22CRNIMOTI,Hamburg,,,,
50628,0400,Z133,02,02,202204,70.0,84716,A28N,Hamburg,,,,
50629,0400,Z133,02,02,202204,77.0,901047,DC51CrV,Hamburg,,,,
50630,0400,Z133,02,02,202204,79.0,901047,DC58CrV,Hamburg,,,,
50631,0400,Z133,02,02,202204,313.0,901047,DA10NICR,Hamburg,74620.0,,,1
50632,0400,Z133,02,02,202204,256.0,81162,SU8CuNi70,Hamburg,,,,
50633,0400,Z133,02,02,202204,275.0,81162,SG2MnMo,Hamburg,,,,
50634,0400,Z133,02,02,202204,224.0,81162,SU8MOTI,Hamburg,,,,
50635,0400,Z133,02,02,202204,252.0,81162,SU11MO,Hamburg,,,,
50636,0400,Z133,02,02,202204,495.0,81162,SU9CrMo,Hamburg,,,,
50637,0400,Z133,02,02,202204,697.0,81162,SG4NiMo,Hamburg,,,,
50638,0400,Z133,02,02,202204,570.0,81162,SU8Ni250,Hamburg,,,,
50639,0400,Z133,02,02,202204,693.0,81162,SG5NiMo55,Hamburg,,,,
50640,0400,Z133,02,02,202204,365.0,81162,SG8Ni,Hamburg,,,,
50641,0400,Z133,02,02,202204,790.0,81162,SU12CrNi,Hamburg,,,,
50642,0400,Z133,02,02,202204,742.0,81162,SG3NiMo50,Hamburg,,,,
50643,0400,Z133,02,02,202204,232.0,81162,SU10CrMo,Hamburg,,,,
50644,0400,Z133,02,02,202204,109.0,81162,SE6CrNi,Hamburg,,,,
50645,0400,Z133,02,02,202204,534.0,81162,SG1NiMo30,Hamburg,,,,
50646,0400,Z133,02,02,202204,468.0,81162,SG2NiMo,Hamburg,,,,
50647,0400,Z133,02,02,202204,251.0,81162,SG2Mo,Hamburg,,,,
50648,0400,Z133,02,02,202204,293.0,81162,SG2MoCr115,Hamburg,,,,
50649,0400,Z133,02,02,202204,442.0,81162,SG8NiMo,Hamburg,,,,
50650,0400,Z133,02,02,202204,750.0,81162,SU10CrNi,Hamburg,,,,
50651,0400,Z133,02,02,202204,236.0,81162,SU10MnMo,Hamburg,,,,
50652,0400,Z133,02,02,202204,461.0,81162,SU13NiMo,Hamburg,,,,
50653,0400,Z133,02,02,202204,846.0,81162,SU13MoNi,Hamburg,,,,
50654,0400,Z133,02,02,202204,18.0,81162,SU8MnTi,Hamburg,,,,
50655,0400,Z133,02,02,202204,330.0,81162,SU10MONI90,Hamburg,,,,
50656,0400,Z133,02,02,202204,59.0,93574,DC100CRS,Hamburg,,,,
50657,0400,Z133,02,02,202204,77.0,93574,DC51CrV,Hamburg,,,,
50658,0400,Z133,02,02,202204,75.0,93574,DC58CrV,Hamburg,,,,
50659,0400,Z133,02,02,202204,135.0,93574,DK34CrMo,Hamburg,,,,
50660,0400,Z133,02,02,202204,485.0,93574,DK34CrNiMoS,Hamburg,,,,
50661,0400,Z133,02,02,202204,59.0,93574,DC100CR,Hamburg,,73304.0,1,
50662,0400,Z133,02,02,202204,59.0,81162,DC100CR6,Hamburg,,,,
50663,0400,Z133,02,02,202204,59.0,81162,DC100CR,Hamburg,70034.0,,,1
50664,0400,Z133,02,02,202204,292.0,81162,DK20CrNiMo,Hamburg,,,,
50665,0400,Z133,02,02,202204,467.0,81162,DK21CrNiMo,Hamburg,,,,
50666,0400,Z133,02,02,202204,126.0,93579,SU8Ni,Hamburg,,,,
50667,0400,Z133,02,02,202204,231.0,93579,SU8Mo,Hamburg,,,,
50668,0400,Z133,02,02,202204,250.0,93579,SG1Mo,Hamburg,,,,
50669,0400,Z133,02,02,202204,276.0,93872,DK22CRNIMOTI,Hamburg,,,,
50670,0400,Z133,02,02,202204,13.0,93872,DA19Si,Hamburg,,,,
50671,0400,Z133,02,02,202204,16.0,93872,DK20MN,Hamburg,,,,
50672,0300,Z133,02,02,202204,13.0,93552,0922,Duisburg,,,,
50673,0300,Z133,02,02,202204,13.0,93552,0927,Duisburg,,,,
50674,0300,Z133,02,02,202204,48.0,115628,3413,Duisburg,,,,
50675,0300,Z133,02,02,202204,66.0,82821,2609,Duisburg,,,,
50676,0300,Z133,02,02,202204,48.0,82821,2612,Duisburg,,,,
50677,0300,Z133,02,02,202204,37.0,82821,3202,Duisburg,,,,
50678,0300,Z133,02,02,202204,37.0,82821,3202,Duisburg,,,,
50679,0300,Z133,02,02,202204,202.0,82821,3490,Duisburg,,,,
50680,0300,Z133,02,02,202204,202.0,82821,3490,Duisburg,,,,
50681,0300,Z133,02,02,202204,15.0,86341,0927,Duisburg,,,,
50682,0300,Z133,02,02,202204,65.0,86341,2605,Duisburg,,,,
50683,0300,Z133,02,02,202204,71.0,86341,2613,Duisburg,,,,
50684,0300,Z133,02,02,202204,49.0,86341,2617,Duisburg,,,,
50685,0300,Z133,02,02,202204,49.0,86341,2617,Duisburg,,,,
50686,0300,Z133,02,02,202204,69.0,86341,2618,Duisburg,,,,
50687,0300,Z133,02,02,202204,64.0,86341,2618,Duisburg,,,,
50688,0300,Z133,02,02,202204,64.0,86341,2618,Duisburg,,,,
50689,0300,Z133,02,02,202204,64.0,86341,2618,Duisburg,,,,
50690,0300,Z133,02,02,202204,266.0,86341,3256,Duisburg,,,,
50691,0300,Z133,02,02,202204,85.0,86341,3750,Duisburg,,,,
50692,0300,Z133,02,02,202204,82.0,86341,3755,Duisburg,,,,
50693,0300,Z133,02,02,202204,47.0,86341,3985,Duisburg,,,,
50694,0300,Z133,02,02,202204,59.0,86341,4075,Duisburg,,,,
50695,0300,Z133,02,02,202204,64.0,86341,4313,Duisburg,,,,
50696,0300,Z133,02,02,202204,64.0,86341,4313,Duisburg,,,,
50697,0300,Z133,02,02,202204,64.0,86341,4314,Duisburg,,,,
50698,0300,Z133,02,02,202204,64.0,86341,4314,Duisburg,,,,
50699,0300,Z133,02,02,202204,153.0,86341,4320,Duisburg,,70345.0,1,
50700,0300,Z133,02,02,202204,153.0,86341,4321,Duisburg,,,,
50701,0300,Z133,02,02,202204,132.0,86341,4326,Duisburg,,,,
50702,0300,Z133,02,02,202204,221.0,86341,4328,Duisburg,,,,
50703,0300,Z133,02,02,202204,15.0,84284,0922,Duisburg,,,,
50704,0300,Z133,02,02,202204,8.0,84284,2568,Duisburg,,,,
50705,0300,Z133,02,02,202204,48.0,84284,2612,Duisburg,,,,
50706,0300,Z133,02,02,202204,156.0,84284,2691,Duisburg,,75432.0_75438.0,2,
50707,0300,Z133,02,02,202204,128.0,84284,2691,Duisburg,,,,
50708,0300,Z133,02,02,202204,8.0,84284,2883,Duisburg,,,,
50709,0300,Z133,02,02,202204,63.0,84284,4305,Duisburg,,,,
50710,0300,Z133,02,02,202204,62.0,84284,4313,Duisburg,,,,
50711,0300,Z133,02,02,202204,153.0,84284,4321,Duisburg,,,,
50712,0300,Z133,02,02,202204,153.0,84284,4321,Duisburg,,,,
50713,0300,Z133,02,02,202204,50.0,84284,4434,Duisburg,,,,
50714,0300,Z133,02,02,202204,126.0,93564,2603,Duisburg,,,,
50715,0300,Z133,02,02,202204,49.0,93564,2617,Duisburg,,,,
50716,0300,Z133,02,02,202204,49.0,93564,2617,Duisburg,,,,
50717,0300,Z133,02,02,202204,185.0,93564,3453,Duisburg,,,,
50718,0300,Z133,02,02,202204,185.0,93564,3453,Duisburg,,,,
50719,0300,Z133,02,02,202204,185.0,93564,3453,Duisburg,,,,
50720,0300,Z133,02,02,202204,185.0,93564,3453,Duisburg,,,,
50721,0300,Z133,02,02,202204,198.0,93564,3483,Duisburg,,,,
50722,0300,Z133,02,02,202204,204.0,93564,3485,Duisburg,,72111.0,1,
50723,0300,Z133,02,02,202204,202.0,93564,3490,Duisburg,,,,
50724,0300,Z133,02,02,202204,25.0,84285,3365,Duisburg,,,,
50725,0300,Z133,02,02,202204,12.0,84290,3283,Duisburg,,,,
50726,0300,Z133,02,02,202204,192.0,93599,2635,Duisburg,,,,
50727,0300,Z133,02,02,202204,579.0,84875,3515,Duisburg,,,,
50728,0300,Z133,02,02,202204,15.0,93606,0917,Duisburg,,,,
50729,0300,Z133,02,02,202204,15.0,93606,0917,Duisburg,,,,
50730,0300,Z133,02,02,202204,15.0,93606,0922,Duisburg,,,,
50731,0300,Z133,02,02,202204,15.0,93606,0922,Duisburg,,,,
50732,0300,Z133,02,02,202204,15.0,93606,0922,Duisburg,,,,
50733,0300,Z133,02,02,202204,15.0,93606,0927,Duisburg,,,,
50734,0300,Z133,02,02,202204,15.0,93606,0927,Duisburg,,,,
50735,0300,Z133,02,02,202204,15.0,93606,0927,Duisburg,,,,
50736,0300,Z133,02,02,202204,16.0,93606,2559,Duisburg,,,,
50737,0300,Z133,02,02,202204,16.0,93606,2559,Duisburg,,,,
50738,0300,Z133,02,02,202204,8.0,93606,2568,Duisburg,,,,
50739,0300,Z133,02,02,202204,8.0,93606,2568,Duisburg,,,,
50740,0300,Z133,02,02,202204,63.0,93606,2584,Duisburg,,,,
50741,0300,Z133,02,02,202204,48.0,93606,2612,Duisburg,,,,
50742,0300,Z133,02,02,202204,49.0,93606,2617,Duisburg,,70954.0,1,
50743,0300,Z133,02,02,202204,125.0,93606,2691,Duisburg,,,,
50744,0300,Z133,02,02,202204,16.0,93606,3310,Duisburg,,,,
50745,0300,Z133,02,02,202204,16.0,93606,3315,Duisburg,,,,
50746,0300,Z133,02,02,202204,493.0,93606,3411,Duisburg,,,,
50747,0300,Z133,02,02,202204,22.0,93606,3417,Duisburg,,,,
50748,0300,Z133,02,02,202204,143.0,93606,3432,Duisburg,,,,
50749,0300,Z133,02,02,202204,153.0,93606,4321,Duisburg,,,,
50750,0300,Z133,02,02,202204,153.0,93606,4321,Duisburg,,,,
50751,0300,Z133,02,02,202204,153.0,93606,4321,Duisburg,,,,
50752,0300,Z133,02,02,202204,54.0,93606,4448,Duisburg,,,,
50753,0300,Z133,02,02,202204,8.0,93606,7100,Duisburg,,,,
50754,0300,Z133,02,02,202204,15.0,84282,0917,Duisburg,,,,
50755,0300,Z133,02,02,202204,43.0,84282,2554,Duisburg,,,,
50756,0300,Z133,02,02,202204,8.0,84282,2568,Duisburg,,,,
50757,0300,Z133,02,02,202204,184.0,84282,2603,Duisburg,,,,
50758,0300,Z133,02,02,202204,48.0,84282,2612,Duisburg,,75449.0_75450.0,2,
50759,0300,Z133,02,02,202204,48.0,84282,2612,Duisburg,,,,
50760,0300,Z133,02,02,202204,63.0,84282,2620,Duisburg,,,,
50761,0300,Z133,02,02,202204,63.0,84282,2620,Duisburg,,,,
50762,0300,Z133,02,02,202204,128.0,84282,2691,Duisburg,,,,
50763,0300,Z133,02,02,202204,37.0,84282,3202,Duisburg,,,,
50764,0300,Z133,02,02,202204,75.0,84282,3240,Duisburg,,,,
50765,0300,Z133,02,02,202204,63.0,84282,4305,Duisburg,,,,
50766,0300,Z133,02,02,202204,62.0,84282,4313,Duisburg,,,,
50767,0300,Z133,02,02,202204,153.0,84282,4321,Duisburg,,,,
50768,0300,Z133,02,02,202204,15.0,84282,4356,Duisburg,,,,
50769,0300,Z133,02,02,202204,135.0,84282,4403,Duisburg,,,,
50770,0300,Z133,02,02,202204,50.0,84282,4434,Duisburg,,,,
50771,0300,Z133,02,02,202204,135.0,84282,4436,Duisburg,,,,
50772,0300,Z133,02,02,202204,135.0,84282,4436,Duisburg,,,,
50773,0300,Z133,02,02,202204,135.0,84282,4436,Duisburg,,,,
50774,0300,Z133,02,02,202204,134.0,84282,4440,Duisburg,,,,
50775,0300,Z133,02,02,202204,15.0,84305,0927,Duisburg,,,,
50776,0300,Z133,02,02,202204,32.0,84305,2566,Duisburg,,,,
50777,0300,Z133,02,02,202204,32.0,84305,2566,Duisburg,,,,
50778,0300,Z133,02,02,202204,49.0,84305,2617,Duisburg,,,,
50779,0300,Z133,02,02,202204,63.0,84305,2620,Duisburg,,,,
50780,0300,Z133,02,02,202204,125.0,84305,2691,Duisburg,,,,
50781,0300,Z133,02,02,202204,481.0,84305,3185,Duisburg,,,,
50782,0300,Z133,02,02,202204,14.0,84305,3293,Duisburg,,,,
50783,0300,Z133,02,02,202204,491.0,84305,3411,Duisburg,,,,
50784,0300,Z133,02,02,202204,7.0,84305,3459,Duisburg,,,,
50785,0300,Z133,02,02,202204,8.0,84305,3492,Duisburg,,,,
50786,0300,Z133,02,02,202204,579.0,84305,3515,Duisburg,,,,
50787,0300,Z133,02,02,202204,626.0,84305,3515,Duisburg,,,,
50788,0300,Z133,02,02,202204,443.0,84305,3610,Duisburg,,,,
50789,0300,Z133,02,02,202204,64.0,84305,4313,Duisburg,,,,
50790,0300,Z133,02,02,202204,135.0,84305,4403,Duisburg,,,,
50791,0300,Z133,02,02,202204,135.0,84305,4436,Duisburg,,,,
50792,0300,Z133,02,02,202204,10.0,93610,4183,Duisburg,,,,
50793,0300,Z133,02,02,202204,11.0,93610,4215,Duisburg,,,,
50794,0300,Z133,02,02,202204,15.0,83074,4220,Duisburg,,,,
50795,0300,Z133,02,02,202204,135.0,93629,4436,Duisburg,,,,
50796,0300,Z133,02,02,202204,7.0,84278,0850,Duisburg,,,,
50797,0300,Z133,02,02,202204,8.0,84278,0850,Duisburg,,,,
50798,0300,Z133,02,02,202204,15.0,84278,0927,Duisburg,,,,
50799,0300,Z133,02,02,202204,16.0,84278,2559,Duisburg,,,,
50800,0300,Z133,02,02,202204,49.0,84278,2597,Duisburg,,,,
50801,0300,Z133,02,02,202204,49.0,84278,2597,Duisburg,,,,
50802,0300,Z133,02,02,202204,49.0,84278,2597,Duisburg,,,,
50803,0300,Z133,02,02,202204,15.0,84278,2860,Duisburg,,,,
50804,0300,Z133,02,02,202204,42.0,84278,3172,Duisburg,,,,
50805,0300,Z133,02,02,202204,16.0,84278,3310,Duisburg,,,,
50806,0300,Z133,02,02,202204,16.0,84278,3310,Duisburg,,,,
50807,0300,Z133,02,02,202204,16.0,84278,3315,Duisburg,,,,
50808,0300,Z133,02,02,202204,8.0,84278,3492,Duisburg,,,,
50809,0300,Z133,02,02,202204,141.0,84278,4404,Duisburg,,,,
50810,0300,Z133,02,02,202204,144.0,84278,4436,Duisburg,,,,
50811,0300,Z133,02,02,202204,25.0,84285,3365,Duisburg,,,,
50812,0300,Z133,02,02,202204,49.0,84876,2597,Duisburg,,,,
50813,0300,Z133,02,02,202204,125.0,84876,2692,Duisburg,,,,
50814,0300,Z133,02,02,202204,579.0,84876,3515,Duisburg,,,,
50815,0300,Z133,02,02,202204,135.0,84876,4436,Duisburg,,,,
50816,0300,Z133,02,02,202204,4.0,340352,0525,Duisburg,,,,
50817,0300,Z133,02,02,202204,4.0,340352,0525,Duisburg,,,,
50818,0300,Z133,02,02,202204,4.0,340352,0525,Duisburg,,,,
50819,0300,Z133,02,02,202204,4.0,340352,0525,Duisburg,,,,
50820,0300,Z133,02,02,202204,4.0,340352,0525,Duisburg,,,,
50821,0300,Z133,02,02,202204,4.0,340352,0525,Duisburg,,,,
50822,0300,Z133,02,02,202204,4.0,340352,0525,Duisburg,,,,
50823,0300,Z133,02,02,202204,18.0,340352,1520,Duisburg,,,,
50824,0300,Z133,02,02,202204,18.0,340352,1520,Duisburg,,,,
50825,0300,Z133,02,02,202204,18.0,340352,1520,Duisburg,,,,
50826,0300,Z133,02,02,202204,18.0,340352,1520,Duisburg,,,,
50827,0300,Z133,02,02,202204,18.0,340352,1520,Duisburg,,,,
50828,0300,Z133,02,02,202204,18.0,340352,1520,Duisburg,,,,
50829,0300,Z133,02,02,202204,18.0,340352,1520,Duisburg,,,,
50830,0300,Z133,02,02,202204,18.0,340352,1520,Duisburg,,,,
50831,0300,Z133,02,02,202204,14.0,340352,4356,Duisburg,,,,
50832,0300,Z133,02,02,202204,15.0,84695,0922,Duisburg,,,,
50833,0300,Z133,02,02,202204,231.0,84695,2562,Duisburg,,,,
50834,0300,Z133,02,02,202204,185.0,84695,3453,Duisburg,,,,
50835,0300,Z133,02,02,202204,204.0,84695,3485,Duisburg,,74199.0,1,
50836,0300,Z133,02,02,202204,202.0,84695,3490,Duisburg,,,,
50837,0300,Z133,02,02,202204,8.0,84695,3492,Duisburg,,,,
50838,0300,Z133,02,02,202204,8.0,84306,7100,Duisburg,,,,
50839,0300,Z133,02,02,202204,0.0,107419,0423,Duisburg,,,,
50840,0300,Z133,02,02,202204,0.0,107419,0423,Duisburg,,,,
50841,0300,Z133,02,02,202204,0.0,107419,0423,Duisburg,,,,
50842,0300,Z133,02,02,202204,0.0,107419,0423,Duisburg,,,,
50843,0300,Z133,02,02,202204,0.0,107419,0423,Duisburg,,,,
50844,0300,Z133,02,02,202204,0.0,107419,0423,Duisburg,,,,
50845,0300,Z133,02,02,202204,0.0,107419,0423,Duisburg,,,,
50846,0300,Z133,02,02,202204,0.0,107419,0423,Duisburg,,,,
50847,0300,Z133,02,02,202204,0.0,107419,0424,Duisburg,,,,
50848,0300,Z133,02,02,202204,0.0,107419,0424,Duisburg,,,,
50849,0300,Z133,02,02,202204,5.0,107419,0693,Duisburg,,,,
50850,0300,Z133,02,02,202204,13.0,84315,4200,Duisburg,,,,
50851,0300,Z133,02,02,202204,16.0,84688,2559,Duisburg,,,,
50852,0300,Z133,02,02,202204,69.0,84688,2613,Duisburg,,,,
50853,0300,Z133,02,02,202204,49.0,84688,2617,Duisburg,,,,
50854,0300,Z133,02,02,202204,84.0,84688,2854,Duisburg,,,,
50855,0300,Z133,02,02,202204,48.0,84688,3172,Duisburg,,,,
50856,0300,Z133,02,02,202204,48.0,84688,3172,Duisburg,,,,
50857,0300,Z133,02,02,202204,50.0,84688,3223,Duisburg,,,,
50858,0300,Z133,02,02,202204,300.0,84688,3254,Duisburg,,,,
50859,0300,Z133,02,02,202204,16.0,84688,3310,Duisburg,,,,
50860,0300,Z133,02,02,202204,16.0,84688,3310,Duisburg,,,,
50861,0300,Z133,02,02,202204,55.0,84688,3385,Duisburg,,,,
50862,0300,Z133,02,02,202204,153.0,84688,3432,Duisburg,,,,
50863,0300,Z133,02,02,202204,8.0,84688,3492,Duisburg,,,,
50864,0300,Z133,02,02,202204,74.0,84688,3985,Duisburg,,,,
50865,0300,Z133,02,02,202204,48.0,84688,3985,Duisburg,,,,
50866,0300,Z133,02,02,202204,135.0,84688,4403,Duisburg,,,,
50867,0300,Z133,02,02,202204,137.0,84688,4436,Duisburg,,,,
50868,0300,Z133,02,02,202204,137.0,84688,4436,Duisburg,,,,
50869,0300,Z133,02,02,202204,7.0,84281,0850,Duisburg,,,,
50870,0300,Z133,02,02,202204,15.0,84281,0922,Duisburg,,,,
50871,0300,Z133,02,02,202204,8.0,84281,2568,Duisburg,,,,
50872,0300,Z133,02,02,202204,48.0,84281,2612,Duisburg,,,,
50873,0300,Z133,02,02,202204,67.0,84281,2619,Duisburg,,,,
50874,0300,Z133,02,02,202204,156.0,84281,2691,Duisburg,,,,
50875,0300,Z133,02,02,202204,128.0,84281,2691,Duisburg,,,,
50876,0300,Z133,02,02,202204,31.0,84281,2870,Duisburg,,,,
50877,0300,Z133,02,02,202204,55.0,84281,3385,Duisburg,,,,
50878,0300,Z133,02,02,202204,37.0,84281,3423,Duisburg,,,,
50879,0300,Z133,02,02,202204,143.0,84281,3432,Duisburg,,,,
50880,0300,Z133,02,02,202204,143.0,84281,3432,Duisburg,,,,
50881,0300,Z133,02,02,202204,198.0,84281,3483,Duisburg,,,,
50882,0300,Z133,02,02,202204,202.0,84281,3490,Duisburg,,,,
50883,0300,Z133,02,02,202204,47.0,84281,3985,Duisburg,,,,
50884,0300,Z133,02,02,202204,63.0,84281,4305,Duisburg,,,,
50885,0300,Z133,02,02,202204,64.0,84281,4313,Duisburg,,,,
50886,0300,Z133,02,02,202204,62.0,84281,4313,Duisburg,,,,
50887,0300,Z133,02,02,202204,153.0,84281,4321,Duisburg,,,,
50888,0300,Z133,02,02,202204,235.0,84281,4350,Duisburg,,,,
50889,0300,Z133,02,02,202204,50.0,84281,4434,Duisburg,,,,
50890,0300,Z133,02,02,202204,15.0,84307,0927,Duisburg,,,,
50891,0300,Z133,02,02,202204,15.0,84307,0927,Duisburg,,,,
50892,0300,Z133,02,02,202204,70.0,84307,2584,Duisburg,,,,
50893,0300,Z133,02,02,202204,70.0,84307,2584,Duisburg,,,,
50894,0300,Z133,02,02,202204,126.0,84307,2603,Duisburg,,,,
50895,0300,Z133,02,02,202204,48.0,84307,2612,Duisburg,,,,
50896,0300,Z133,02,02,202204,69.0,84307,2613,Duisburg,,,,
50897,0300,Z133,02,02,202204,69.0,84307,2613,Duisburg,,,,
50898,0300,Z133,02,02,202204,69.0,84307,2613,Duisburg,,,,
50899,0300,Z133,02,02,202204,69.0,84307,2613,Duisburg,,,,
50900,0300,Z133,02,02,202204,74.0,84307,2620,Duisburg,,,,
50901,0300,Z133,02,02,202204,125.0,84307,2691,Duisburg,,,,
50902,0300,Z133,02,02,202204,125.0,84307,2692,Duisburg,,,,
50903,0300,Z133,02,02,202204,42.0,84307,2888,Duisburg,,,,
50904,0300,Z133,02,02,202204,6.0,84307,3159,Duisburg,,,,
50905,0300,Z133,02,02,202204,7.0,84307,3189,Duisburg,,,,
50906,0300,Z133,02,02,202204,79.0,84307,3240,Duisburg,,,,
50907,0300,Z133,02,02,202204,69.0,84307,3250,Duisburg,,,,
50908,0300,Z133,02,02,202204,55.0,84307,3385,Duisburg,,,,
50909,0300,Z133,02,02,202204,143.0,84307,3432,Duisburg,,74585.0,1,
50910,0300,Z133,02,02,202204,143.0,84307,3432,Duisburg,,,,
50911,0300,Z133,02,02,202204,143.0,84307,3432,Duisburg,,,,
50912,0300,Z133,02,02,202204,6.0,84307,3459,Duisburg,,,,
50913,0300,Z133,02,02,202204,199.0,84307,3483,Duisburg,,,,
50914,0300,Z133,02,02,202204,198.0,84307,3483,Duisburg,,,,
50915,0300,Z133,02,02,202204,202.0,84307,3490,Duisburg,,,,
50916,0300,Z133,02,02,202204,202.0,84307,3490,Duisburg,,,,
50917,0300,Z133,02,02,202204,202.0,84307,3490,Duisburg,,,,
50918,0300,Z133,02,02,202204,212.0,84307,3490,Duisburg,,,,
50919,0300,Z133,02,02,202204,8.0,84307,3492,Duisburg,,,,
50920,0300,Z133,02,02,202204,8.0,84307,3492,Duisburg,,,,
50921,0300,Z133,02,02,202204,8.0,84307,3492,Duisburg,,,,
50922,0300,Z133,02,02,202204,223.0,84307,3495,Duisburg,,,,
50923,0300,Z133,02,02,202204,223.0,84307,3495,Duisburg,,,,
50924,0300,Z133,02,02,202204,13.0,84307,4200,Duisburg,,,,
50925,0300,Z133,02,02,202204,66.0,84307,4313,Duisburg,,,,
50926,0300,Z133,02,02,202204,125.0,84307,4403,Duisburg,,,,
50927,0300,Z133,02,02,202204,125.0,84307,4403,Duisburg,,,,
50928,0300,Z133,02,02,202204,125.0,84307,4403,Duisburg,,,,
50929,0300,Z133,02,02,202204,125.0,84307,4403,Duisburg,,,,
50930,0300,Z133,02,02,202204,50.0,84307,4434,Duisburg,,,,
50931,0300,Z133,02,02,202204,135.0,84307,4436,Duisburg,,,,
50932,0300,Z133,02,02,202204,4.0,84335,0525,Duisburg,,,,
50933,0300,Z133,02,02,202204,15.0,84335,0927,Duisburg,,,,
50934,0300,Z133,02,02,202204,15.0,84335,0927,Duisburg,,,,
50935,0300,Z133,02,02,202204,15.0,84335,0927,Duisburg,,,,
50936,0300,Z133,02,02,202204,15.0,84335,0927,Duisburg,,,,
50937,0300,Z133,02,02,202204,8.0,84335,1004,Duisburg,,,,
50938,0300,Z133,02,02,202204,5.0,84335,1027,Duisburg,,,,
50939,0300,Z133,02,02,202204,6.0,84335,1080,Duisburg,,,,
50940,0300,Z133,02,02,202204,138.0,84335,2583,Duisburg,,,,
50941,0300,Z133,02,02,202204,7.0,84335,3189,Duisburg,,,,
50942,0300,Z133,02,02,202204,57.0,84335,3434,Duisburg,,,,
50943,0300,Z133,02,02,202204,8.0,84335,3492,Duisburg,,,,
50944,0300,Z133,02,02,202204,8.0,84335,3492,Duisburg,,,,
50945,0300,Z133,02,02,202204,13.0,84335,4200,Duisburg,,,,
50946,0300,Z133,02,02,202204,10.0,84335,4227,Duisburg,,,,
50947,0300,Z133,02,02,202204,8.0,84335,4266,Duisburg,,,,
50948,0300,Z133,02,02,202204,137.0,84335,4335,Duisburg,,,,
50949,0300,Z133,02,02,202204,137.0,84335,4335,Duisburg,,,,
50950,0300,Z133,02,02,202204,137.0,84335,4335,Duisburg,,,,
50951,0300,Z133,02,02,202204,44.0,84335,4340,Duisburg,,,,
50952,0300,Z133,02,02,202204,44.0,84335,4340,Duisburg,,,,
50953,0300,Z133,02,02,202204,135.0,84335,4403,Duisburg,,74217.0,1,
50954,0300,Z133,02,02,202204,8.0,84335,7100,Duisburg,,,,
50955,0300,Z133,02,02,202204,48.0,84791,3413,Duisburg,,,,
50956,0300,Z133,02,02,202204,60.0,93666,2584,Duisburg,,,,
50957,0300,Z133,02,02,202204,60.0,93666,2584,Duisburg,,,,
50958,0300,Z133,02,02,202204,60.0,93666,2584,Duisburg,,,,
50959,0300,Z133,02,02,202204,60.0,93666,2584,Duisburg,,,,
50960,0300,Z133,02,02,202204,128.0,93666,2603,Duisburg,,,,
50961,0300,Z133,02,02,202204,49.0,93666,2611,Duisburg,,,,
50962,0300,Z133,02,02,202204,80.0,93666,3240,Duisburg,,,,
50963,0300,Z133,02,02,202204,80.0,93666,3240,Duisburg,,,,
50964,0300,Z133,02,02,202204,41.0,93666,3340,Duisburg,,76823.0,1,
50965,0300,Z133,02,02,202204,42.0,93666,3355,Duisburg,,,,
50966,0300,Z133,02,02,202204,42.0,93666,3355,Duisburg,,,,
50967,0300,Z133,02,02,202204,22.0,93666,3417,Duisburg,,,,
50968,0300,Z133,02,02,202204,64.0,93666,4314,Duisburg,,,,
50969,0300,Z133,02,02,202204,64.0,93666,4314,Duisburg,,,,
50970,0300,Z133,02,02,202204,221.0,93666,4328,Duisburg,,,,
50971,0300,Z133,02,02,202204,62.0,93666,4361,Duisburg,,,,
50972,0300,Z133,02,02,202204,42.0,93666,4395,Duisburg,,,,
50973,0300,Z133,02,02,202204,42.0,93666,4395,Duisburg,,,,
50974,0300,Z133,02,02,202204,154.0,93666,4436,Duisburg,,,,
50975,0300,Z133,02,02,202204,72.0,113613,3276,Duisburg,,,,
50976,0300,Z133,02,02,202204,57.0,10002939,3434,Duisburg,,,,
50977,0300,Z133,02,02,202204,11.0,10002939,4160,Duisburg,,,,
50978,0300,Z133,02,02,202204,13.0,10002939,4180,Duisburg,,,,
50979,0300,Z133,02,02,202204,12.0,10002939,4200,Duisburg,,,,
50980,0300,Z133,02,02,202204,86.0,61714,3053,Duisburg,,,,
50981,0300,Z133,02,02,202204,97.0,61714,3054,Duisburg,,,,
50982,0300,Z133,02,02,202204,42.0,93717,2888,Duisburg,,,,
50983,0300,Z133,02,02,202204,9.0,93717,3210,Duisburg,,,,
50984,0300,Z133,02,02,202204,49.0,93717,3222,Duisburg,,,,
50985,0300,Z133,02,02,202204,6.0,93717,3459,Duisburg,,,,
50986,0300,Z133,02,02,202204,132.0,93717,4404,Duisburg,,,,
50987,0300,Z133,02,02,202204,132.0,93717,4404,Duisburg,,,,
50988,0300,Z133,02,02,202204,16.0,67638,0445,Duisburg,,,,
50989,0300,Z133,02,02,202204,3.0,67638,0522,Duisburg,,,,
50990,0300,Z133,02,02,202204,4.0,67638,0537,Duisburg,,,,
50991,0300,Z133,02,02,202204,4.0,67638,0537,Duisburg,,,,
50992,0300,Z133,02,02,202204,3.0,67638,0538,Duisburg,,,,
50993,0300,Z133,02,02,202204,3.0,67638,0540,Duisburg,,,,
50994,0300,Z133,02,02,202204,5.0,67638,0596,Duisburg,,,,
50995,0300,Z133,02,02,202204,3.0,67638,0607,Duisburg,,,,
50996,0300,Z133,02,02,202204,3.0,67638,0611,Duisburg,,,,
50997,0300,Z133,02,02,202204,4.0,67638,0683,Duisburg,,,,
50998,0300,Z133,02,02,202204,5.0,67638,0693,Duisburg,,,,
50999,0300,Z133,02,02,202204,6.0,67638,0842,Duisburg,,,,
51000,0300,Z133,02,02,202204,15.0,67638,0922,Duisburg,,,,
51001,0300,Z133,02,02,202204,15.0,67638,0927,Duisburg,,,,
51002,0300,Z133,02,02,202204,8.0,67638,1002,Duisburg,,,,
51003,0300,Z133,02,02,202204,8.0,67638,1004,Duisburg,,,,
51004,0300,Z133,02,02,202204,7.0,67638,1004,Duisburg,,,,
51005,0300,Z133,02,02,202204,8.0,67638,1004,Duisburg,,,,
51006,0300,Z133,02,02,202204,6.0,67638,1069,Duisburg,,,,
51007,0300,Z133,02,02,202204,7.0,67638,1307,Duisburg,,,,
51008,0300,Z133,02,02,202204,5.0,67638,1310,Duisburg,,,,
51009,0300,Z133,02,02,202204,12.0,67638,1501,Duisburg,,,,
51010,0300,Z133,02,02,202204,5.0,67638,1625,Duisburg,,,,
51011,0300,Z133,02,02,202204,6.0,67638,1628,Duisburg,,,,
51012,0300,Z133,02,02,202204,8.0,67638,2480,Duisburg,,,,
51013,0300,Z133,02,02,202204,64.0,67638,2552,Duisburg,,,,
51014,0300,Z133,02,02,202204,8.0,67638,2568,Duisburg,,,,
51015,0300,Z133,02,02,202204,6.0,67638,2576,Duisburg,,,,
51016,0300,Z133,02,02,202204,69.0,67638,2599,Duisburg,,,,
51017,0300,Z133,02,02,202204,126.0,67638,2603,Duisburg,,,,
51018,0300,Z133,02,02,202204,36.0,67638,2604,Duisburg,,,,
51019,0300,Z133,02,02,202204,69.0,67638,2613,Duisburg,,,,
51020,0300,Z133,02,02,202204,9.0,67638,2629,Duisburg,,,,
51021,0300,Z133,02,02,202204,192.0,67638,2635,Duisburg,,,,
51022,0300,Z133,02,02,202204,86.0,67638,2643,Duisburg,,,,
51023,0300,Z133,02,02,202204,115.0,67638,2645,Duisburg,,,,
51024,0300,Z133,02,02,202204,125.0,67638,2692,Duisburg,,,,
51025,0300,Z133,02,02,202204,191.0,67638,2695,Duisburg,,,,
51026,0300,Z133,02,02,202204,108.0,67638,2810,Duisburg,,,,
51027,0300,Z133,02,02,202204,30.0,67638,2820,Duisburg,,,,
51028,0300,Z133,02,02,202204,69.0,67638,2865,Duisburg,,,,
51029,0300,Z133,02,02,202204,69.0,67638,2865,Duisburg,,,,
51030,0300,Z133,02,02,202204,8.0,67638,2883,Duisburg,,,,
51031,0300,Z133,02,02,202204,8.0,67638,2889,Duisburg,,,,
51032,0300,Z133,02,02,202204,8.0,67638,3105,Duisburg,,,,
51033,0300,Z133,02,02,202204,121.0,67638,3110,Duisburg,,,,
51034,0300,Z133,02,02,202204,128.0,67638,3119,Duisburg,,,,
51035,0300,Z133,02,02,202204,190.0,67638,3150,Duisburg,,,,
51036,0300,Z133,02,02,202204,6.0,67638,3159,Duisburg,,,,
51037,0300,Z133,02,02,202204,9.0,67638,3162,Duisburg,,,,
51038,0300,Z133,02,02,202204,132.0,67638,3176,Duisburg,,,,
51039,0300,Z133,02,02,202204,8.0,67638,3199,Duisburg,,,,
51040,0300,Z133,02,02,202204,8.0,67638,3200,Duisburg,,,,
51041,0300,Z133,02,02,202204,8.0,67638,3200,Duisburg,,,,
51042,0300,Z133,02,02,202204,44.0,67638,3234,Duisburg,,,,
51043,0300,Z133,02,02,202204,13.0,67638,3238,Duisburg,,,,
51044,0300,Z133,02,02,202204,29.0,67638,3243,Duisburg,,,,
51045,0300,Z133,02,02,202204,72.0,67638,3276,Duisburg,,,,
51046,0300,Z133,02,02,202204,23.0,67638,3305,Duisburg,,,,
51047,0300,Z133,02,02,202204,11.0,67638,3337,Duisburg,,,,
51048,0300,Z133,02,02,202204,10.0,67638,3337,Duisburg,,,,
51049,0300,Z133,02,02,202204,47.0,67638,3364,Duisburg,,,,
51050,0300,Z133,02,02,202204,25.0,67638,3365,Duisburg,,,,
51051,0300,Z133,02,02,202204,6.0,67638,3395,Duisburg,,,,
51052,0300,Z133,02,02,202204,69.0,67638,3410,Duisburg,,,,
51053,0300,Z133,02,02,202204,48.0,67638,3413,Duisburg,,,,
51054,0300,Z133,02,02,202204,25.0,67638,3422,Duisburg,,,,
51055,0300,Z133,02,02,202204,9.0,67638,3430,Duisburg,,,,
51056,0300,Z133,02,02,202204,57.0,67638,3434,Duisburg,,,,
51057,0300,Z133,02,02,202204,57.0,67638,3436,Duisburg,,,,
51058,0300,Z133,02,02,202204,57.0,67638,3437,Duisburg,,,,
51059,0300,Z133,02,02,202204,199.0,67638,3483,Duisburg,,,,
51060,0300,Z133,02,02,202204,202.0,67638,3490,Duisburg,,,,
51061,0300,Z133,02,02,202204,8.0,67638,3492,Duisburg,,,,
51062,0300,Z133,02,02,202204,57.0,67638,3534,Duisburg,,,,
51063,0300,Z133,02,02,202204,3.0,67638,3705,Duisburg,,,,
51064,0300,Z133,02,02,202204,6.0,67638,3713,Duisburg,,,,
51065,0300,Z133,02,02,202204,8.0,67638,3714,Duisburg,,,,
51066,0300,Z133,02,02,202204,8.0,67638,3763,Duisburg,,,,
51067,0300,Z133,02,02,202204,13.0,67638,3765,Duisburg,,,,
51068,0300,Z133,02,02,202204,9.0,67638,3770,Duisburg,,,,
51069,0300,Z133,02,02,202204,9.0,67638,3924,Duisburg,,,,
51070,0300,Z133,02,02,202204,12.0,67638,4160,Duisburg,,,,
51071,0300,Z133,02,02,202204,11.0,67638,4160,Duisburg,,,,
51072,0300,Z133,02,02,202204,11.0,67638,4161,Duisburg,,,,
51073,0300,Z133,02,02,202204,11.0,67638,4165,Duisburg,,,,
51074,0300,Z133,02,02,202204,12.0,67638,4166,Duisburg,,,,
51075,0300,Z133,02,02,202204,11.0,67638,4169,Duisburg,,,,
51076,0300,Z133,02,02,202204,12.0,67638,4169,Duisburg,,,,
51077,0300,Z133,02,02,202204,10.0,67638,4170,Duisburg,,,,
51078,0300,Z133,02,02,202204,14.0,67638,4180,Duisburg,,,,
51079,0300,Z133,02,02,202204,12.0,67638,4191,Duisburg,,,,
51080,0300,Z133,02,02,202204,12.0,67638,4192,Duisburg,,,,
51081,0300,Z133,02,02,202204,12.0,67638,4200,Duisburg,,,,
51082,0300,Z133,02,02,202204,12.0,67638,4201,Duisburg,,,,
51083,0300,Z133,02,02,202204,12.0,67638,4203,Duisburg,,,,
51084,0300,Z133,02,02,202204,12.0,67638,4203,Duisburg,,,,
51085,0300,Z133,02,02,202204,10.0,67638,4204,Duisburg,,,,
51086,0300,Z133,02,02,202204,10.0,67638,4205,Duisburg,,,,
51087,0300,Z133,02,02,202204,10.0,67638,4205,Duisburg,,,,
51088,0300,Z133,02,02,202204,10.0,67638,4206,Duisburg,,,,
51089,0300,Z133,02,02,202204,12.0,67638,4207,Duisburg,,,,
51090,0300,Z133,02,02,202204,10.0,67638,4214,Duisburg,,,,
51091,0300,Z133,02,02,202204,15.0,67638,4219,Duisburg,,,,
51092,0300,Z133,02,02,202204,15.0,67638,4224,Duisburg,,,,
51093,0300,Z133,02,02,202204,10.0,67638,4227,Duisburg,,,,
51094,0300,Z133,02,02,202204,5.0,67638,4229,Duisburg,,,,
51095,0300,Z133,02,02,202204,13.0,67638,4230,Duisburg,,,,
51096,0300,Z133,02,02,202204,17.0,67638,4232,Duisburg,,,,
51097,0300,Z133,02,02,202204,16.0,67638,4235,Duisburg,,,,
51098,0300,Z133,02,02,202204,16.0,67638,4237,Duisburg,,,,
51099,0300,Z133,02,02,202204,13.0,67638,4245,Duisburg,,,,
51100,0300,Z133,02,02,202204,44.0,67638,4249,Duisburg,,,,
51101,0300,Z133,02,02,202204,15.0,67638,4255,Duisburg,,,,
51102,0300,Z133,02,02,202204,8.0,67638,4261,Duisburg,,,,
51103,0300,Z133,02,02,202204,8.0,67638,4266,Duisburg,,,,
51104,0300,Z133,02,02,202204,7.0,67638,4270,Duisburg,,,,
51105,0300,Z133,02,02,202204,7.0,67638,4271,Duisburg,,,,
51106,0300,Z133,02,02,202204,4.0,67638,4275,Duisburg,,,,
51107,0300,Z133,02,02,202204,4.0,67638,4279,Duisburg,,,,
51108,0300,Z133,02,02,202204,7.0,67638,4280,Duisburg,,,,
51109,0300,Z133,02,02,202204,16.0,67638,4284,Duisburg,,,,
51110,0300,Z133,02,02,202204,48.0,67638,4285,Duisburg,,,,
51111,0300,Z133,02,02,202204,8.0,67638,4293,Duisburg,,,,
51112,0300,Z133,02,02,202204,73.0,67638,4295,Duisburg,,,,
51113,0300,Z133,02,02,202204,63.0,67638,4305,Duisburg,,,,
51114,0300,Z133,02,02,202204,64.0,67638,4314,Duisburg,,,,
51115,0300,Z133,02,02,202204,44.0,67638,4340,Duisburg,,,,
51116,0300,Z133,02,02,202204,42.0,67638,4345,Duisburg,,,,
51117,0300,Z133,02,02,202204,42.0,67638,4395,Duisburg,,,,
51118,0300,Z133,02,02,202204,42.0,67638,4405,Duisburg,,,,
51119,0300,Z133,02,02,202204,42.0,67638,4405,Duisburg,,,,
51120,0300,Z133,02,02,202204,50.0,67638,4434,Duisburg,,,,
51121,0300,Z133,02,02,202204,11.0,67638,7025,Duisburg,,,,
51122,0300,Z133,02,02,202204,11.0,67638,7026,Duisburg,,,,
51123,0300,Z133,02,02,202204,8.0,67638,7100,Duisburg,,,,
51124,0300,Z133,02,02,202204,6.0,76264,1030,Duisburg,,,,
51125,0300,Z133,02,02,202204,11.0,76264,2547,Duisburg,,,,
51126,0300,Z133,02,02,202204,131.0,93728,2603,Duisburg,,,,
51127,0300,Z133,02,02,202204,8.0,93729,7100,Duisburg,,,,
51128,0300,Z133,02,02,202204,11.0,84467,3405,Duisburg,,,,
51129,0300,Z133,02,02,202204,11.0,84467,3405,Duisburg,,,,
51130,0300,Z133,02,02,202204,11.0,84467,3405,Duisburg,,,,
51131,0300,Z133,02,02,202204,11.0,84467,3405,Duisburg,,,,
51132,0300,Z133,02,02,202204,11.0,84467,3405,Duisburg,,,,
51133,0300,Z133,02,02,202204,11.0,84467,3405,Duisburg,,,,
51134,0300,Z133,02,02,202204,11.0,84467,3405,Duisburg,,,,
51135,0300,Z133,02,02,202204,11.0,84467,3405,Duisburg,,,,
51136,0300,Z133,02,02,202204,11.0,84467,3405,Duisburg,,,,
51137,0300,Z133,02,02,202204,11.0,84467,3405,Duisburg,,,,
51138,0300,Z133,02,02,202204,11.0,84467,3405,Duisburg,,,,
51139,0300,Z133,02,02,202204,11.0,84467,3405,Duisburg,,,,
51140,0300,Z133,02,02,202204,11.0,84467,3405,Duisburg,,,,
51141,0300,Z133,02,02,202204,135.0,84467,4436,Duisburg,,,,
51142,0300,Z133,02,02,202204,15.0,79906,0927,Duisburg,,,,
51143,0300,Z133,02,02,202204,3.0,73086,0430,Duisburg,,,,
51144,0300,Z133,02,02,202204,7.0,73086,0475,Duisburg,,,,
51145,0300,Z133,02,02,202204,4.0,73086,0496,Duisburg,,,,
51146,0300,Z133,02,02,202204,3.0,73086,0522,Duisburg,,,,
51147,0300,Z133,02,02,202204,3.0,73086,0604,Duisburg,,,,
51148,0300,Z133,02,02,202204,3.0,73086,0607,Duisburg,,,,
51149,0300,Z133,02,02,202204,4.0,73086,0683,Duisburg,,,,
51150,0300,Z133,02,02,202204,8.0,73086,0692,Duisburg,,,,
51151,0300,Z133,02,02,202204,13.0,73086,0727,Duisburg,,,,
51152,0300,Z133,02,02,202204,14.0,73086,0727,Duisburg,,,,
51153,0300,Z133,02,02,202204,14.0,73086,0728,Duisburg,,,,
51154,0300,Z133,02,02,202204,4.0,73086,0978,Duisburg,,,,
51155,0300,Z133,02,02,202204,6.0,73086,1039,Duisburg,,,,
51156,0300,Z133,02,02,202204,9.0,73086,1040,Duisburg,,,,
51157,0300,Z133,02,02,202204,6.0,73086,1088,Duisburg,,,,
51158,0300,Z133,02,02,202204,7.0,73086,1225,Duisburg,,,,
51159,0300,Z133,02,02,202204,7.0,73086,1232,Duisburg,,,,
51160,0300,Z133,02,02,202204,3.0,73086,1273,Duisburg,,,,
51161,0300,Z133,02,02,202204,8.0,73086,1307,Duisburg,,,,
51162,0300,Z133,02,02,202204,5.0,73086,1310,Duisburg,,,,
51163,0300,Z133,02,02,202204,7.0,73086,1390,Duisburg,,,,
51164,0300,Z133,02,02,202204,12.0,73086,1501,Duisburg,,,,
51165,0300,Z133,02,02,202204,10.0,73086,1510,Duisburg,,,,
51166,0300,Z133,02,02,202204,6.0,73086,1552,Duisburg,,,,
51167,0300,Z133,02,02,202204,7.0,73086,1578,Duisburg,,,,
51168,0300,Z133,02,02,202204,6.0,73086,1595,Duisburg,,,,
51169,0300,Z133,02,02,202204,6.0,73086,2345,Duisburg,,,,
51170,0300,Z133,02,02,202204,6.0,73086,2353,Duisburg,,,,
51171,0300,Z133,02,02,202204,6.0,73086,2353,Duisburg,,,,
51172,0300,Z133,02,02,202204,7.0,73086,2357,Duisburg,,,,
51173,0300,Z133,02,02,202204,6.0,73086,2384,Duisburg,,,,
51174,0300,Z133,02,02,202204,7.0,73086,2419,Duisburg,,,,
51175,0300,Z133,02,02,202204,6.0,73086,2460,Duisburg,,,,
51176,0300,Z133,02,02,202204,6.0,73086,2463,Duisburg,,,,
51177,0300,Z133,02,02,202204,6.0,73086,2465,Duisburg,,,,
51178,0300,Z133,02,02,202204,5.0,73086,2468,Duisburg,,,,
51179,0300,Z133,02,02,202204,6.0,73086,2485,Duisburg,,,,
51180,0300,Z133,02,02,202204,43.0,73086,2589,Duisburg,,,,
51181,0300,Z133,02,02,202204,42.0,73086,2589,Duisburg,,,,
51182,0300,Z133,02,02,202204,7.0,73086,2630,Duisburg,,,,
51183,0300,Z133,02,02,202204,7.0,73086,2630,Duisburg,,,,
51184,0300,Z133,02,02,202204,7.0,73086,2632,Duisburg,,,,
51185,0300,Z133,02,02,202204,236.0,73086,2660,Duisburg,,,,
51186,0300,Z133,02,02,202204,185.0,73086,2661,Duisburg,,,,
51187,0300,Z133,02,02,202204,40.0,73086,2689,Duisburg,,,,
51188,0300,Z133,02,02,202204,7.0,73086,2852,Duisburg,,,,
51189,0300,Z133,02,02,202204,73.0,73086,3036,Duisburg,,,,
51190,0300,Z133,02,02,202204,72.0,73086,3046,Duisburg,,,,
51191,0300,Z133,02,02,202204,72.0,73086,3046,Duisburg,,,,
51192,0300,Z133,02,02,202204,97.0,73086,3053,Duisburg,,,,
51193,0300,Z133,02,02,202204,97.0,73086,3054,Duisburg,,,,
51194,0300,Z133,02,02,202204,7.0,73086,3130,Duisburg,,,,
51195,0300,Z133,02,02,202204,234.0,73086,3168,Duisburg,,,,
51196,0300,Z133,02,02,202204,42.0,73086,3170,Duisburg,,,,
51197,0300,Z133,02,02,202204,13.0,73086,3205,Duisburg,,,,
51198,0300,Z133,02,02,202204,10.0,73086,3225,Duisburg,,,,
51199,0300,Z133,02,02,202204,49.0,73086,3234,Duisburg,,,,
51200,0300,Z133,02,02,202204,40.0,73086,3235,Duisburg,,,,
51201,0300,Z133,02,02,202204,13.0,73086,3238,Duisburg,,,,
51202,0300,Z133,02,02,202204,29.0,73086,3328,Duisburg,,,,
51203,0300,Z133,02,02,202204,9.0,73086,3330,Duisburg,,,,
51204,0300,Z133,02,02,202204,13.0,73086,3332,Duisburg,,,,
51205,0300,Z133,02,02,202204,47.0,73086,3370,Duisburg,,,,
51206,0300,Z133,02,02,202204,11.0,73086,3418,Duisburg,,,,
51207,0300,Z133,02,02,202204,8.0,73086,3428,Duisburg,,,,
51208,0300,Z133,02,02,202204,9.0,73086,3429,Duisburg,,,,
51209,0300,Z133,02,02,202204,9.0,73086,3429,Duisburg,,,,
51210,0300,Z133,02,02,202204,9.0,73086,3430,Duisburg,,,,
51211,0300,Z133,02,02,202204,9.0,73086,3430,Duisburg,,,,
51212,0300,Z133,02,02,202204,28.0,73086,3431,Duisburg,,,,
51213,0300,Z133,02,02,202204,18.0,73086,3433,Duisburg,,,,
51214,0300,Z133,02,02,202204,23.0,73086,3438,Duisburg,,,,
51215,0300,Z133,02,02,202204,8.0,73086,3468,Duisburg,,,,
51216,0300,Z133,02,02,202204,7.0,73086,3720,Duisburg,,,,
51217,0300,Z133,02,02,202204,8.0,73086,3760,Duisburg,,,,
51218,0300,Z133,02,02,202204,8.0,73086,3763,Duisburg,,,,
51219,0300,Z133,02,02,202204,7.0,73086,3764,Duisburg,,,,
51220,0300,Z133,02,02,202204,10.0,73086,3770,Duisburg,,,,
51221,0300,Z133,02,02,202204,9.0,73086,3770,Duisburg,,,,
51222,0300,Z133,02,02,202204,8.0,73086,3771,Duisburg,,,,
51223,0300,Z133,02,02,202204,13.0,73086,3775,Duisburg,,,,
51224,0300,Z133,02,02,202204,12.0,73086,3781,Duisburg,,,,
51225,0300,Z133,02,02,202204,8.0,73086,3790,Duisburg,,,,
51226,0300,Z133,02,02,202204,5.0,73086,3842,Duisburg,,,,
51227,0300,Z133,02,02,202204,5.0,73086,3845,Duisburg,,,,
51228,0300,Z133,02,02,202204,9.0,73086,3924,Duisburg,,,,
51229,0300,Z133,02,02,202204,10.0,73086,3934,Duisburg,,,,
51230,0300,Z133,02,02,202204,7.0,73086,3939,Duisburg,,,,
51231,0300,Z133,02,02,202204,8.0,73086,4343,Duisburg,,,,
51232,0300,Z133,02,02,202204,42.0,73086,4346,Duisburg,,,,
51233,0300,Z133,02,02,202204,8.0,73086,4347,Duisburg,,,,
51234,0300,Z133,02,02,202204,127.0,73086,4370,Duisburg,,,,
51235,0300,Z133,02,02,202204,42.0,73086,4405,Duisburg,,,,
51236,0300,Z133,02,02,202204,44.0,73086,4410,Duisburg,,,,
51237,0300,Z133,02,02,202204,44.0,73086,4415,Duisburg,,,,
51238,0300,Z133,02,02,202204,55.0,84321,3385,Duisburg,,,,
51239,0300,Z133,02,02,202204,55.0,84276,3385,Duisburg,,,,
51240,0300,Z133,02,02,202204,12.0,93754,4174,Duisburg,,,,
51241,0300,Z133,02,02,202204,11.0,93754,4205,Duisburg,,,,
51242,0300,Z133,02,02,202204,12.0,93754,4216,Duisburg,,,,
51243,0300,Z133,02,02,202204,52.0,84312,2614,Duisburg,,,,
51244,0300,Z133,02,02,202204,345.0,84312,2662,Duisburg,,,,
51245,0300,Z133,02,02,202204,316.0,84312,2663,Duisburg,,,,
51246,0300,Z133,02,02,202204,217.0,84312,2695,Duisburg,,76153.0,1,
51247,0300,Z133,02,02,202204,8.0,84312,2883,Duisburg,,,,
51248,0300,Z133,02,02,202204,11.0,84312,3283,Duisburg,,,,
51249,0300,Z133,02,02,202204,55.0,84312,3385,Duisburg,,76439.0,1,
51250,0300,Z133,02,02,202204,143.0,84312,3432,Duisburg,,,,
51251,0300,Z133,02,02,202204,412.0,84312,3525,Duisburg,,,,
51252,0300,Z133,02,02,202204,135.0,84312,4436,Duisburg,,,,
51253,0300,Z133,02,02,202204,135.0,84312,4436,Duisburg,,,,
51254,0300,Z133,02,02,202204,135.0,84312,4436,Duisburg,,,,
51255,0300,Z133,02,02,202204,54.0,84312,4448,Duisburg,,,,
51256,0300,Z133,02,02,202204,55.0,84603,3385,Duisburg,,,,
51257,0300,Z133,02,02,202204,11.0,84603,3406,Duisburg,,,,
51258,0300,Z133,02,02,202204,169.0,84325,3477,Duisburg,,72092.0,1,
51259,0300,Z133,02,02,202204,11.0,84353,3406,Duisburg,,,,
51260,0300,Z133,02,02,202204,14.0,84344,4177,Duisburg,,,,
51261,0300,Z133,02,02,202204,57.0,116908,3436,Duisburg,,,,
51262,0300,Z133,02,02,202204,11.0,116908,4166,Duisburg,,,,
51263,0300,Z133,02,02,202204,11.0,116908,4166,Duisburg,,,,
51264,0300,Z133,02,02,202204,13.0,116908,4180,Duisburg,,,,
51265,0300,Z133,02,02,202204,13.0,116908,4180,Duisburg,,,,
51266,0300,Z133,02,02,202204,16.0,116908,4255,Duisburg,,,,
51267,0300,Z133,02,02,202204,14.0,116908,4256,Duisburg,,,,
51268,0300,Z133,02,02,202204,14.0,116908,4256,Duisburg,,,,
51269,0300,Z133,02,02,202204,8.0,116908,4261,Duisburg,,,,
51270,0300,Z133,02,02,202204,144.0,84351,2616,Duisburg,,,,
51271,0300,Z133,02,02,202204,116.0,84351,2645,Duisburg,,,,
51272,0300,Z133,02,02,202204,167.0,84351,3116,Duisburg,,,,
51273,0300,Z133,02,02,202204,72.0,84351,3276,Duisburg,,,,
51274,0300,Z133,02,02,202204,202.0,84627,3490,Duisburg,,,,
51275,0300,Z133,02,02,202204,153.0,84627,4321,Duisburg,,,,
51276,0300,Z133,02,02,202204,97.0,76372,2872,Duisburg,,,,
51277,0300,Z133,02,02,202204,97.0,76372,2872,Duisburg,,,,
51278,0300,Z133,02,02,202204,12.0,116907,3283,Duisburg,,,,
51279,0300,Z133,02,02,202204,8.0,84591,2886,Duisburg,,71150.0,1,
51280,0300,Z133,02,02,202204,135.0,84591,4436,Duisburg,,,,
51281,0300,Z133,02,02,202204,7.0,93827,3392,Duisburg,,,,
51282,0300,Z133,02,02,202204,8.0,21226,0774,Duisburg,,,,
51283,0300,Z133,02,02,202204,19.0,21226,0817,Duisburg,,,,
51284,0300,Z133,02,02,202204,14.0,21226,0827,Duisburg,,,,
51285,0300,Z133,02,02,202204,0.0,21226,1265,Duisburg,,,,
51286,0300,Z133,02,02,202204,7.0,21226,1270,Duisburg,,,,
51287,0300,Z133,02,02,202204,10.0,21226,1280,Duisburg,,,,
51288,0300,Z133,02,02,202204,3.0,21226,1330,Duisburg,,,,
51289,0300,Z133,02,02,202204,8.0,21226,1391,Duisburg,,,,
51290,0300,Z133,02,02,202204,0.0,21226,1635,Duisburg,,,,
51291,0300,Z133,02,02,202204,10.0,21226,2412,Duisburg,,,,
51292,0300,Z133,02,02,202204,34.0,21226,2535,Duisburg,,,,
51293,0300,Z133,02,02,202204,11.0,21226,2538,Duisburg,,,,
51294,0300,Z133,02,02,202204,9.0,21226,2547,Duisburg,,,,
51295,0300,Z133,02,02,202204,23.0,21226,2564,Duisburg,,,,
51296,0300,Z133,02,02,202204,30.0,21226,2574,Duisburg,,,,
51297,0300,Z133,02,02,202204,0.0,21226,2769,Duisburg,,,,
51298,0300,Z133,02,02,202204,0.0,21226,2769,Duisburg,,,,
51299,0300,Z133,02,02,202204,0.0,21226,2769,Duisburg,,,,
51300,0300,Z133,02,02,202204,35.0,21226,2850,Duisburg,,,,
51301,0300,Z133,02,02,202204,88.0,21226,2884,Duisburg,,,,
51302,0300,Z133,02,02,202204,111.0,21226,3010,Duisburg,,,,
51303,0300,Z133,02,02,202204,9.0,21226,3221,Duisburg,,,,
51304,0300,Z133,02,02,202204,6.0,21226,3313,Duisburg,,,,
51305,0300,Z133,02,02,202204,42.0,21226,3990,Duisburg,,,,
51306,0300,Z133,02,02,202204,32.0,21226,4020,Duisburg,,,,
51307,0300,Z133,02,02,202204,40.0,21226,4025,Duisburg,,,,
51308,0300,Z133,02,02,202204,36.0,21226,4033,Duisburg,,,,
51309,0300,Z133,02,02,202204,43.0,21226,4035,Duisburg,,,,
51310,0300,Z133,02,02,202204,0.0,86720,0423,Duisburg,,,,
51311,0300,Z133,02,02,202204,0.0,86720,0423,Duisburg,,,,
51312,0300,Z133,02,02,202204,143.0,86814,3432,Duisburg,,,,
51313,0300,Z133,02,02,202204,12.0,104087,4160,Duisburg,,,,
51314,0300,Z133,02,02,202204,9.0,77557,2520,Duisburg,,,,
51315,0300,Z133,02,02,202204,11.0,77534,2520,Duisburg,,,,
51316,0300,Z133,02,02,202204,11.0,77534,2547,Duisburg,,,,
51317,0300,Z133,02,02,202204,15.0,84899,0927,Duisburg,,,,
51318,0300,Z133,02,02,202204,67.0,84668,2624,Duisburg,,70341.0,1,
51319,0300,Z133,02,02,202204,69.0,84668,2624,Duisburg,,,,
51320,0300,Z133,02,02,202204,69.0,84668,2624,Duisburg,,,,
51321,0300,Z133,02,02,202204,69.0,84668,2624,Duisburg,,,,
51322,0300,Z133,02,02,202204,67.0,84668,2624,Duisburg,,,,
51323,0300,Z133,02,02,202204,69.0,84668,2624,Duisburg,,,,
51324,0300,Z133,02,02,202204,24.0,84668,3187,Duisburg,,,,
51325,0300,Z133,02,02,202204,80.0,84668,4445,Duisburg,,,,
51326,0300,Z133,02,02,202204,6.0,56228,2436,Duisburg,,,,
51327,0300,Z133,02,02,202204,32.0,56228,2517,Duisburg,,,,
51328,0300,Z133,02,02,202204,53.0,56228,2518,Duisburg,,,,
51329,0300,Z133,02,02,202204,51.0,56228,2530,Duisburg,,,,
51330,0300,Z133,02,02,202204,11.0,56228,2546,Duisburg,,,,
51331,0300,Z133,02,02,202204,11.0,56228,2546,Duisburg,,,,
51332,0300,Z133,02,02,202204,9.0,56228,2547,Duisburg,,,,
51333,0300,Z133,02,02,202204,11.0,56228,2548,Duisburg,,,,
51334,0300,Z133,02,02,202204,35.0,56228,2850,Duisburg,,,,
51335,0300,Z133,02,02,202204,13.0,56228,4179,Duisburg,,,,
51336,0300,Z133,02,02,202204,11.0,56228,7025,Duisburg,,,,
51337,0300,Z133,02,02,202204,9.0,93920,1004,Duisburg,,,,
51338,0300,Z133,02,02,202204,9.0,93920,1391,Duisburg,,,,
51339,0300,Z133,02,02,202204,9.0,93920,1515,Duisburg,,,,
51340,0300,Z133,02,02,202204,7.0,93920,1525,Duisburg,,,,
51341,0300,Z133,02,02,202204,7.0,93920,1530,Duisburg,,,,
51342,0300,Z133,02,02,202204,126.0,71998,2603,Duisburg,,,,
51343,0300,Z133,02,02,202204,97.0,71998,3055,Duisburg,,,,
51344,0300,Z133,02,02,202204,135.0,113664,4436,Duisburg,,,,
51345,0300,Z133,02,02,202204,94.0,120659,3756,Duisburg,,,,
51346,0300,Z133,02,02,202204,126.0,123238,2603,Duisburg,,,,
51347,0300,Z133,02,02,202204,135.0,106916,4436,Duisburg,,,,
51348,0300,Z133,02,02,202204,172.0,129409,4425,Duisburg,,,,
51349,0300,Z133,02,02,202204,135.0,129409,4436,Duisburg,,,,
51350,0300,Z133,02,02,202204,110.0,90638,3030,Duisburg,,,,
51351,0300,Z133,02,02,202204,6.0,890050,1525,Duisburg,,,,
51352,0300,Z133,02,02,202204,11.0,890050,2543,Duisburg,,,,
51353,0300,Z133,02,02,202204,11.0,890050,2546,Duisburg,,,,
51354,0300,Z133,02,02,202204,15.0,64427,0927,Duisburg,,,,
51355,0300,Z133,02,02,202204,6.0,136549,1080,Duisburg,,,,
51356,0300,Z133,02,02,202204,11.0,131652,4169,Duisburg,,,,
51357,0300,Z133,02,02,202204,11.0,93954,4174,Duisburg,,,,
51358,0300,Z133,02,02,202204,62.0,93958,2584,Duisburg,,,,
51359,0300,Z133,02,02,202204,46.0,93965,3265,Duisburg,,,,
51360,0300,Z133,02,02,202204,42.0,93965,3355,Duisburg,,,,
51361,0300,Z133,02,02,202204,63.0,93965,4361,Duisburg,,,,
